locs,techs,resource_cap
X1,pv,0.0
X2,pv,49.3181072146799
X3,pv,38.9499999
