locs,techs,storage_cap
region1-1,csp,237588.190018825
region1-2,csp,0.0
region1-3,csp,25300.4182152239
region2,battery,5239.24607999999
